Model,Accuracy,Precision,Recall,F1 Score,Avg Confidence,Training Time (s),Inference Time (ms)
Decision Tree,0.174,0.030275999999999997,0.174,0.05157751277683135,1.0,0,5.7976672649383545
KNN,0.383,0.7048626555752662,0.383,0.3428329314960636,0.1504967896987753,0,6.814249038696289
IDDFS,0.438,0.5230969406470539,0.438,0.3559124445137245,0.5218800000000001,0,7.598150014877319
Genetic Algorithm,0.192,0.15606302521008406,0.192,0.10036023026636745,0.8256195733186276,0,1.4337596893310547
A* Search,0.176,0.030976,0.176,0.05268027210884354,0.19397367132126395,0,1.27642822265625
